x,prediction
0.0,-0.9691262209790209
0.002,-0.9619727740608848
0.004,-0.9547760164588909
0.006,-0.947535909686948
0.008,-0.9402524236282723
0.01,-0.9329255367262934
0.012,-0.9255552361758188
0.014,-0.9181415181143393
0.016,-0.9106843878133417
0.018000000000000002,-0.9031838598694952
0.02,-0.8956399583955856
0.022,-0.8880527172110444
0.024,-0.8804221800319416
0.026000000000000002,-0.8727484006602886
0.028,-0.8650314431725064
0.03,-0.8572713821069018
0.032,-0.84946830265
0.034,-0.841622300821568
0.036000000000000004,-0.8337334836581756
0.038,-0.8258019693951175
0.04,-0.8178278876465375
0.042,-0.80981137958358
0.044,-0.8017525981103951
0.046,-0.7936517080378226
0.048,-0.7855088862545767
0.05,-0.7773243218957522
0.052000000000000005,-0.7690982165084647
0.054,-0.760830784214453
0.056,-0.752522251869443
0.058,-0.7441728592190993
0.06,-0.7357828590513683
0.062,-0.7273525173450286
0.064,-0.7188821134142585
0.066,-0.7103719400490272
0.068,-0.7018223036511226
0.07,-0.6932335243656281
0.07200000000000001,-0.6846059362076501
0.074,-0.6759398871841121
0.076,-0.6672357394104305
0.078,-0.6584938692218718
0.08,-0.6497146672794185
0.082,-0.6408985386699503
0.084,-0.6320459030005585
0.08600000000000001,-0.6231571944868148
0.088,-0.6142328620348143
0.09,-0.6052733693168176
0.092,-0.5962791948403181
0.094,-0.5872508320103655
0.096,-0.5781887891849816
0.098,-0.5690935897235019
0.1,-0.5599657720276887
0.10200000000000001,-0.5508058895754637
0.10400000000000001,-0.5416145109471071
0.106,-0.5323922198437858
0.108,-0.5231396150982663
0.11,-0.5138573106776886
0.112,-0.504545935678267
0.114,-0.49520613431180477
0.116,-0.48583856588390556
0.11800000000000001,-0.4764439047637788
0.12,-0.46702284034553904
0.122,-0.45757607700090386
0.124,-0.4481043340232172
0.126,-0.43860834556271333
0.128,-0.4290888605529539
0.13,-0.41954664262839014
0.132,-0.40998247003298455
0.134,-0.40039713551986444
0.136,-0.3907914462419682
0.138,-0.38116622363366137
0.14,-0.37152230328331376
0.14200000000000002,-0.36186053479682895
0.14400000000000002,-0.35218178165213526
0.146,-0.3424869210446529
0.148,-0.33277684372376654
0.15,-0.3230524538203322
0.152,-0.31331466866527197
0.154,-0.3035644185993124
0.156,-0.29380264677392887
0.158,-0.2840303089435764
0.16,-0.2742483732492965
0.162,-0.26445781999379514
0.164,-0.2546596414080968
0.166,-0.24485484140990432
0.168,-0.2350444353537805
0.17,-0.2252294497732984
0.17200000000000001,-0.21541092211530422
0.17400000000000002,-0.2055899004664583
0.176,-0.1957674432722144
0.178,-0.18594461904841986
0.18,-0.176122506085724
0.182,-0.16630219214699016
0.184,-0.1564847741579155
0.186,-0.14667135789107688
0.188,-0.1368630576436196
0.19,-0.1270609959088237
0.192,-0.1172663030417852
0.194,-0.10748011691945691
0.196,-0.09770358259530576
0.198,-0.08793785194883941
0.2,-0.07818408333027738
0.202,-0.06844344120063162
0.20400000000000001,-0.05871709576748052
0.20600000000000002,-0.049006222616714834
0.20800000000000002,-0.03931200234054677
0.21,-0.029635620162076215
0.212,-0.01997826555670623
0.214,-0.010341131870713394
0.216,-0.0007254159372714897
0.218,0.008867682309760538
0.22,0.018436960223983445
0.222,0.027981212836221014
0.224,0.037499233245594454
0.226,0.046989813011591886
0.228,0.05645174254682883
0.23,0.06588381151017653
0.232,0.07528480919996028
0.234,0.08465352494690614
0.23600000000000002,0.09398874850653871
0.23800000000000002,0.10328927045071623
0.24,0.11255388255800525
0.242,0.12178137820259194
0.244,0.13097055274143743
0.246,0.1401202038993805
0.248,0.14922913215190536
0.25,0.15829614110528845
0.252,0.16732003787384808
0.254,0.17629963345402577
0.256,0.1852337430950367
0.258,0.19412118666582423
0.26,0.20296078901807724
0.262,0.21175138034505336
0.264,0.22049179653598727
0.266,0.22918087952583954
0.268,0.23781747764017858
0.27,0.2464004459349768
0.272,0.2549286465311241
0.274,0.26340094894345956
0.276,0.2718162304041408
0.278,0.280173376180178
0.28,0.2884712798849619
0.28200000000000003,0.2967088437836415
0.28400000000000003,0.3048849790921936
0.28600000000000003,0.3129986062700637
0.28800000000000003,0.32104865530624316
0.29,0.329034065998676
0.292,0.33695378822689015
0.294,0.34480678221776107
0.296,0.35259201880432467
0.298,0.3603084796775743
0.3,0.36795515763116937
0.302,0.3755310567990223
0.304,0.3830351928857082
0.306,0.3904665933896795
0.308,0.3978242978192611
0.31,0.4051073579014234
0.312,0.4123148377833251
0.314,0.4194458142266514
0.316,0.426499376794755
0.318,0.4334746280326437
0.32,0.44037068363984344
0.322,0.44718667263619827
0.324,0.4539217375206567
0.326,0.4605750344231173
0.328,0.46714573324940833
0.33,0.4736330178194831
0.332,0.4800360859989311
0.334,0.4863541498238936
0.336,0.4925864356194999
0.338,0.49873218411193465
0.34,0.5047906505342595
0.342,0.5107611047261115
0.34400000000000003,0.5166428312274188
0.34600000000000003,0.5224351293662667
0.34800000000000003,0.5281373133410606
0.35000000000000003,0.5337487122971373
0.352,0.5392686703979742
0.354,0.5446965468911581
0.356,0.5500317161692759
0.358,0.5552735678258888
0.36,0.5604215067067647
0.362,0.565474952956532
0.364,0.5704333420609423
0.366,0.5752961248848988
0.368,0.5800627677064457
0.37,0.5847327522468865
0.372,0.5893055756972158
0.374,0.5937807507410414
0.376,0.5981578055741777
0.378,0.6024362839210952
0.38,0.6066157450483957
0.382,0.6106957637755009
0.384,0.6146759304827273
0.386,0.6185558511169221
0.388,0.6223351471948376
0.39,0.6260134558044085
0.392,0.6295904296041098
0.394,0.6330657368205533
0.396,0.6364390612444873
0.398,0.639710102225361
0.4,0.6428785746646065
0.402,0.6459442090077875
0.404,0.6489067512357648
0.406,0.6517659628550198
0.40800000000000003,0.6545216208872698
0.41000000000000003,0.6571735178585106
0.41200000000000003,0.6597214617876134
0.41400000000000003,0.6621652761745912
0.41600000000000004,0.6645047999886559
0.418,0.666739887656174
0.42,0.6688704090486203
0.422,0.6708962494706293
0.424,0.6728173096482336
0.426,0.674633505717373
0.428,0.6763447692127479
0.43,0.6779510470570905
0.432,0.679452301550913
0.434,0.6808485103627887
0.436,0.6821396665202158
0.438,0.6833257784011019
0.44,0.684406869725899
0.442,0.6853829795504268
0.444,0.6862541622593862
0.446,0.6870204875605815
0.448,0.6876820404798597
0.45,0.6882389213567471
0.452,0.6886912458407851
0.454,0.6890391448885377
0.456,0.6892827647612402
0.458,0.6894222670230653
0.46,0.6894578285399496
0.462,0.6893896414789397
0.464,0.689217913308
0.466,0.68894286679621
0.468,0.6885647400142899
0.47000000000000003,0.6880837863353636
0.47200000000000003,0.6875002744358866
0.47400000000000003,0.6868144882966337
0.47600000000000003,0.6860267272036541
0.47800000000000004,0.6851373057490878
0.48,0.6841465538317298
0.482,0.6830548166572225
0.484,0.6818624547377578
0.486,0.680569843891153
0.488,0.6791773752391715
0.49,0.6776854552049391
0.492,0.676094505509324
0.494,0.6744049631661179
0.496,0.6726172804758687
0.498,0.6707319250182119
0.5,0.6687493796425269
0.502,0.6666701424567599
0.504,0.664494726814247
0.506,0.6622236612983529
0.508,0.6598574897047643
0.51,0.6573967710212555
0.512,0.6548420794047388
0.514,0.6521940041554365
0.516,0.6494531496879753
0.518,0.6466201354992301
0.52,0.6436955961327325
0.522,0.6406801811394561
0.524,0.6375745550348012
0.526,0.6343793972515909
0.528,0.6310954020889029
0.53,0.6277232786565471
0.532,0.6242637508150216
0.534,0.6207175571107647
0.536,0.6170854507065245
0.538,0.6133681993066874
0.54,0.6095665850773865
0.542,0.6056814045612323
0.544,0.6017134685865039
0.546,0.5976636021706431
0.548,0.5935326444179091
0.55,0.5893214484110397
0.552,0.5850308810967842
0.554,0.5806618231651751
0.556,0.5762151689224121
0.558,0.571691826157232
0.56,0.5670927160006632
0.562,0.5624187727790481
0.5640000000000001,0.5576709438602411
0.5660000000000001,0.5528501894928938
0.5680000000000001,0.5479574826387404
0.5700000000000001,0.5429938087978198
0.5720000000000001,0.5379601658265579
0.5740000000000001,0.5328575637486704
0.5760000000000001,0.5276870245588313
0.578,0.522449582019073
0.58,0.5171462814478988
0.582,0.5117781795020867
0.584,0.5063463439511809
0.586,0.5008518534446808
0.588,0.49529579727193773
0.59,0.48967927511479414
0.592,0.4840033967929974
0.594,0.4782692820024389
0.596,0.47247806004628046
0.598,0.4666308695590412
0.6,0.460728858223718
0.602,0.4547731824820457
0.604,0.44876500723799284
0.606,0.44270550555461374
0.608,0.4365958583443791
0.61,0.43043725405312727
0.612,0.42423088833778133
0.614,0.41797796373799423
0.616,0.41167968934188826
0.618,0.40533728044607187
0.62,0.3989519582101223
0.622,0.39252494930573245
0.624,0.38605748556073805
0.626,0.3795508035982341
0.628,0.3730061444710192
0.63,0.36642475329159774
0.632,0.3598078788579889
0.634,0.35315677327559214
0.636,0.34647269157537874
0.638,0.3397568913286667
0.64,0.3330106322587666
0.642,0.3262351758497696
0.644,0.31943178495277846
0.646,0.3126017233898618
0.648,0.30574625555604473
0.65,0.29886664601962976
0.652,0.29196415912116314
0.654,0.2850400585713567
0.656,0.2780956070482795
0.658,0.2711320657941413
0.66,0.26415069421198745
0.662,0.25715274946262545
0.664,0.25013948606211256
0.666,0.2431121554801251
0.668,0.23607200573953568
0.67,0.22902028101752336
0.672,0.22195822124854103
0.674,0.2148870617294646
0.676,0.20780803272723902
0.678,0.20072235908934843
0.68,0.19363125985741714
0.682,0.18653594788426087
0.684,0.17943762945469388
0.686,0.1723375039103956
0.6880000000000001,0.16523676327913772
0.6900000000000001,0.15813659190866647
0.6920000000000001,0.15103816610552423
0.6940000000000001,0.1439426537791001
0.6960000000000001,0.13685121409118117
0.6980000000000001,0.1297649971112701
0.7000000000000001,0.12268514347793646
0.7020000000000001,0.11561278406645736
0.704,0.10854903966298113
0.706,0.10149502064546578
0.708,0.094451826671614
0.71,0.08742054637402308
0.712,0.08040225706276471
0.714,0.07339802443559207
0.716,0.06640890229596541
0.718,0.05943593227908106
0.72,0.05248014358606867
0.722,0.045542552726523855
0.724,0.038624163269519896
0.726,0.031725965603243256
0.728,0.024848936703379176
0.73,0.017994039910362858
0.732,0.01116222471561057
0.734,0.004354426556815838
0.736,-0.0024284333775944633
0.738,-0.00918544833477275
0.74,-0.015915726174474565
0.742,-0.022618389536734562
0.744,-0.029292576000153003
0.746,-0.03593743823077067
0.748,-0.04255214412149999
0.75,-0.049135876922115185
0.752,-0.055687835359791604
0.754,-0.0622072337502142
0.756,-0.06869330209927216
0.758,-0.07514528619536898
0.76,-0.08156244769239707
0.762,-0.08794406418341694
0.764,-0.09428942926510986
0.766,-0.10059785259306753
0.768,-0.10686865992799877
0.77,-0.11310119317293765
0.772,-0.1192948104015511
0.774,-0.1254488858776429
0.776,-0.13156281006597148
0.778,-0.1376359896344912
0.78,-0.14366784744815075
0.782,-0.14965782255436977
0.784,-0.15560537016034182
0.786,-0.16150996160230158
0.788,-0.1673710843069096
0.79,-0.17318824174490555
0.792,-0.17896095337719842
0.794,-0.1846887545935506
0.796,-0.19037119664403346
0.798,-0.1960078465634223
0.8,-0.2015982870887174
0.802,-0.2071421165699603
0.804,-0.21263894887454382
0.806,-0.2180884132851968
0.808,-0.22349015439182984
0.81,-0.22884383197744684
0.812,-0.23414912089830586
0.8140000000000001,-0.2394057109585308
0.8160000000000001,-0.24461330677937088
0.8180000000000001,-0.24977162766330596
0.8200000000000001,-0.2548804074532004
0.8220000000000001,-0.2599393943866989
0.8240000000000001,-0.26494835094607294
0.8260000000000001,-0.2699070537037097
0.8280000000000001,-0.27481529316345377
0.8300000000000001,-0.27967287359798443
0.8320000000000001,-0.28447961288245016
0.834,-0.2892353423245354
0.836,-0.2939399064911702
0.838,-0.2985931630320706
0.84,-0.30319498250030774
0.842,-0.30774524817009363
0.844,-0.31224385585197206
0.846,-0.3166907137056036
0.848,-0.32108574205033175
0.85,-0.32542887317370384
0.852,-0.3297200511381368
0.854,-0.33395923158589047
0.856,-0.33814638154254056
0.858,-0.34228147921909874
0.86,-0.3463645138129683
0.862,-0.35039548530788206
0.864,-0.3543744042729925
0.866,-0.3583012916612699
0.868,-0.36217617860735285
0.87,-0.3659991062250142
0.872,-0.3697701254043729
0.874,-0.37348929660900737
0.876,-0.3771566896730968
0.878,-0.38077238359872884
0.88,-0.38433646635350766
0.882,-0.3878490346685776
0.884,-0.39131019383719673
0.886,-0.39472005751396844
0.888,-0.3980787475148492
0.89,-0.4013863936180424
0.892,-0.40464313336588087
0.894,-0.40784911186780654
0.896,-0.41100448160453584
0.898,-0.41410940223351567
0.9,-0.4171640403957435
0.902,-0.42016856952406145
0.904,-0.42312316965298086
0.906,-0.4260280272301326
0.908,-0.42888333492941527
0.91,-0.43168929146590157
0.912,-0.43444610141258555
0.914,-0.43715397501902137
0.916,-0.4398131280319199
0.918,-0.44242378151775646
0.92,-0.44498616168744465
0.922,-0.44750049972312644
0.924,-0.4499670316071188
0.926,-0.45238599795306705
0.928,-0.45475764383934236
0.93,-0.45708221864471416
0.932,-0.45935997588634087
0.934,-0.4615911730601028
0.936,-0.4637760714833027
0.9380000000000001,-0.4659149361397685
0.9400000000000001,-0.4680080355273715
0.9420000000000001,-0.47005564150797774
0.9440000000000001,-0.4720580291598617
0.9460000000000001,-0.47401547663258287
0.9480000000000001,-0.47592826500434404
0.9500000000000001,-0.4777966781418402
0.9520000000000001,-0.479621002562605
0.9540000000000001,-0.48140152729985763
0.9560000000000001,-0.4831385437698554
0.9580000000000001,-0.4848323456417544
0.96,-0.4864832287099718
0.962,-0.48809149076905217
0.964,-0.48965743149102836
0.966,-0.4911813523052769
0.968,-0.49266355628085173
0.97,-0.4941043480112933
0.972,-0.49550403350189454
0.974,-0.4968629200594216
0.976,-0.4981813161842614
0.978,-0.4994595314649915
0.98,-0.5006978764753549
0.982,-0.5018966626736107
0.984,-0.5030562023042546
0.986,-0.5041768083020856
0.988,-0.5052587941985905
0.99,-0.5063024740306334
0.992,-0.5073081622514231
0.994,-0.5082761736437332
0.996,-0.5092068232353554
0.998,-0.5101004262167512
1.0,-0.5109572978608901
