x,target,prediction,residual,squared_error
0.0,-0.9602,-0.9691262209790209,-0.008926220979020849,7.967742096631193e-05
0.1,-0.577,-0.5599657720276887,0.017034227972311244,0.00029016492261267087
0.2,-0.0729,-0.07818408333027738,-0.00528408333027737,2.792153664131518e-05
0.3,0.3771,0.36795515763116937,-0.009144842368830619,8.362814195075961e-05
0.4,0.6405,0.6428785746646065,0.0023785746646065586,5.657617435108203e-06
0.5,0.66,0.6687493796425269,0.008749379642526867,7.655164412906356e-05
0.6,0.4609,0.460728858223718,-0.00017114177628196892,2.92895075889475e-08
0.7,0.1336,0.12268514347793691,-0.010914856522063088,0.00011913409289722312
0.8,-0.2013,-0.20159828708871774,-0.0002982870887177358,8.897518729570238e-08
0.9,-0.4344,-0.4171640403957433,0.017235959604256723,0.0002970783034795696
1.0,-0.5,-0.5109572978608901,-0.010957297860890058,0.00012006237641226585
